patient_1,patient_2,patient_3,patient_4
TATCATTGAAATTAAATGGTGGCTGACATGTCCAAGGAATATTGCGGGGA,AGGAATATTGCGGGGATTTGATCCCTTTATGAACCTTGTGATAGATGAAT,GCAGACATGTCCAAGGAATATTGCGGGGATTTGATCCCTTTATGAACCTT,CCAAGGAATATTGCGGGGATTTGACCCTTTATGAACCTTGTGATAGATGA
CAAGAAGTTATCATTGAAATTAAGTGGTGGCTGACATGTCCAAGGAATAT,ACATGTCCAAGGAATATTGAGGGGATTTGATCCCTTTATGAACCTTGTGA,CCTTGTGATAGATGAATGTGTCGAGATGGCGACTAGTGGACAACAGAACA,TGTGATAGATGAATGTGTGGAGATGGCGACTAGTGGACAACAGAACAATA
CGATTTGATCCCTTTATGAACCTTGTGATAGATGAATGTGTGGAGATGGC,ATGGACAAGAAGTTATCATTGAAATTAAATGGTGGCAGACATGTCCAAGG,TCCCTTTATGAACCTTGTGATAGATGAATGTGTCGAGATGGCGACTAGTG,AAATTAAATGGGGGCAGACATGTCCAAGGAATATTGCGGGGATTTGACCC
GGATTTGATCCCTTTATGAACCTTGTGATAGATGAATGTGTGGAGATGGC,GTTATCATTGAAATTAAATGGTGGCAGACATGTCCAAGGAATATTGCGGG,AGGAATATTGCTGGGATTTGATCCCTTTATGAACCTTGTGATAGATGAAT,AAATGGTGACAGACATGTCCAAGGAATATTGCGGGGATTTGACCCTTTAT
CTTGTGATAGATGAATGTGTGGAGATGGCGACTAGTGGGCAACAGAACAA,AGTTATCATTGAAATTAAATGGTGGCACACATGTCCAAGGAATATTGCGG,GACAAGAAGTTATCATTGAAATTAAATGGTGGCAGACATGTCCAAGGAAT,GTGTTTATTTATGGACAAGAAGTTATCATTGAAATTAAGTGGTGGCAGAC
TGACATGTCCAAGGAATATTGCGGGGATTTGATCCCTTTATGAACCTTGT,GATGAATGTGTGGGGATGGCGACTAGTGGACAACAGAACAATATTGGAAT,TTATCATTGAAATTAAATGGTGGCAGACATGTCCAAGGAATATTGCGGGG,ATTTGACCCTTTATGAACCTTGTGATAGATGAATGTGTGGAGATGGCGAC
GATTTGATCCCTTTATGAACCTTGTGATAGATGAATGTGTGGAGATGGCG,GTTTATTTATGGACAAGAAGTTATCATTGAAATTAAATGGTGGCAGACAT,TGTGTTTATTTATGGACAAGAAGTTATCATTGAAATTAAATGGTGGCAGA,AAGTTATCATTGAAATTAAATGGTGGCAGACATGTCCAAGGAATATTGCG
AATGGTGGCTGACATGTCCAAGGAATATTGCGGGGATTTGATCCCTTTAT,TGCGGGGATTTGATCCCTTTATGAACCTTGTGATAGATGAATGTGTGGAG,TAGATGAATGTGTCGAGATGGCGACTAGTGGACAACAGAACAATATTGGA,
AATATTGCGGGGATTTGATCCCTTTATGAACCTTGTGATAGATGAATGTG,,ATTAAATGGTGGCAGACATGTCCAAGGAATATTGCGGGGATTTGATCCCT,CCTTTATGAACCTTGTGATAGATGAATGTGTGGAGATGGCGACTAGTGGA
TGTGATAGATGAATGTGTGGAGATGGCGACTAGTGGACAACAGAACAATA,AAGTTATCATTGAAATTAAATGGTGGCAGACATGTCCAAGGAATATTGCG,ATGTGTCGAGATGGCGACTAGTGGACAACAGAACAATATTGGAATGGTGG,AATGGTGGCCGACATGTCCAAGGAATATTGCGGGGATTTGACCCTTTATG
TTATTTATGGACAAGAAGTTATCATTGAAATTAAATGGTGGCTGACATGT,TGAAATTAAATGGTGGCAGACATGTCCAAGAAATATTGCGGGGATTTGAT,GACATGTCCAAGGAATATTGCGGGGAGTTGATCCCTTTATGAACCTTGTG,TGACCCTTTATGAACCTTGTGATAGATGAATGTGTGGAGATGGCGACTAG
ATGAATGTGTGGAGATGGCGACTAGTGGACAACAGAACAATATTGGAATG,TTTATGAACCTTGTGATAGATGAATGTGTGGAGATGGCGACTAGTGGACA,ATGAATGTGTCGAGATGGCGTCTAGTGGACAACAGAACAATATTGGAATG,GACAAGAAGTTATCATTGAAATTAAATGGTGGCAGACATGTCCAAGGAAT
TTGATCCCTTTATGAACCTTGTGATAGATGAATGTGTGGAGATGGCGACT,TATTGCGGGGATTTGATCCCTTTATGAACCTTGTGATAGATGAATCTGTG,C,GGATTTGACCCTTTATGAACCTTGTGATAGATGAATGTGTGGAGATGGCG
,ATGTCCAAGGAATATTGCGGGGATTTGATCCCTTTATGAACCTTGTGATA,AATGGTGGCAGACATGTCCAAGGAATATTGCGGGGATTTGATCCCTTTAT,AAGATTGCGGGGATTTGACCCTTTATGAACCTTGTGATAGATGAATGTGT
ACCTTGTGATAGATGAATGTGTGGAGATGGCGACTAGTGGACAACAGAAC,TGGTGGCAGACATGTCCAAGGAATATTGCGGGGATTTGATCCCTTTATGA,ATGGACAAGAAGTTATCATTGAAATTAAATGGTGGCAGACATGTCCAAAG,TTGAAATTAAATGGTGGCAGACATGTCCAAGGAATATTGCGGGGATTTGA
ATGTCCAAGGAATATTGCGGGGATTTGATCCCTTTATGAACCTTGTGATA,TGGACAAGAAGTTATCATTGAAATTAAATGGTGGCAGACATGTCCAAGGA,ACATGTCCAAGGAATATTGCGGGGATTTGATCCCTTTATGAACCTTGTGA,ATTTGACCCTTTATGAACCTTGTGATAGATGAATGTGTGGAGATGGCGAC
GTGTTTATTTATGAACAAGAAGTTATCATTGAAATTAAATGGTGGCTGAC,TGTGATAGATGAATGTGTGGAGATGGCGACTAGTGGACAACAGAACAATA,ATTTGATCCCTTTATGAACCTTGTGATAGATGAATGTGTCGAGATGGCGA,ATAGAGGAATGTGTGGAGATGGCGACTAGTGGACAACAGAACAATATTGG
ATGAACCTTGTGATAGATGAATGTGTGGAGATGGCGACTAGTGGAGAACA,TTTATTTATGGACAAGAAGTTATCATTGAAATTAAATGGTGGCAGACATG,TTTATTTATGGACAAGAAGTTATCATTGAAATTAAATGGTGGCAGACATG,T
ATGTGTTTATTTATGGACAAGAAGTTATCATTGAAATTAAATGGTGGCTG,CAAGAAGTTATCATTGAAATTAAATGGTGGCAGACATGTCCAAGGAATAT,A,TAGATGAATGTGTGGAGATGGCGACTAGTGGACAACAGAACAATATTGGA
GGGGATTTGATCCCTTTATGAACCTTGTGATAGATGAATGTGTGGAGATG,ATGTGTGGAGATGGCGACTAGTGGACAACAGAACAATATTGGAATGGTGG,AACCTTGTGATAGATGAATGTGTCGAGATGGCGACTAGTGGACAACAGAA,TGACCCTTTATGTACCTTGTGATAGATGAATGTGTGGAGATGGCGACTAG
ACATGTCCAAGGAATATTGCGGGGATTTGATCCCTTTATGAAGCTTGTGA,A,A,TGATAGATGAATGTGTGGAGATGGCGACTAGTGGACAACTGAACAATATT
GAATGTGTGGAGATGGCGACTAGTGGACAACAGAACAATATTGGAATGGT,ATTGAAATTAAATGGTGGCAGACATGTCCAAGGAATATTGCGGGGATTTG,TTTGATCCCTTTATGAACCTTGTGATAGATGAATGTGTCGAGATGGCGAC,TATTGCGGGGATTTGACCCTTTATGAACCTTTTGATAGATGAATGTGTGG
GGCTGACATGTCCAAGGAATATTGCGGGGATTTGATCCCTTTATGAACCT,GAATATTGCGGGGATTTGATCCCTTTATGAACCTTGTGATAGATGAATGT,CCAAGGAATATTGCGGGGATTTGATCCCTTTATGAACCTTGTGATAGATG,
ACAAGAAGTTATCATTGAAATTAAATGGTGGCTGACATGTCCAAGGAATA,GATCCCTTTATGAACCTTGTGATAGATGAATGTGTGGTGATGGCGACTAG,CTTTATGAACCTTGTGATAGATGAATGTGACGAGATGGCGACTAGTGGAC,CTTGTGATAGATGAATGTGTGGAGATGGCGACTAGTGGACAACAGAACAA
CTTGTGATAGATGAATGTGTGGAGATGGCGACTAGTGGACAACAGAACAT,TTATGGACAAGAAGTTATCATTGAAATTAAATGGTGGCAGACATGTCCAA,GGAATATTGCGGGGATTTGATCCCTTTATGAACCTTGTGATAGATGAATG,AGACATGTCCAAGGAATATTGCGGGGATTTGACCCTTTATGAACCTTGTG
C,GCGGGGATTTGATCCCTTTATGAACCTTGTGATAGATGAATGTGTGGAGA,CGGGGATTTGATCCCTTTCTGAACCTTGTGATAGATGAATGTGTCGAGAT,ATGAATCTGTGGAGATGGCGACTAGTGGACAACAGAACAATATTGGAATG
TTGAAATTAAATGGTGGCTGACATGTCCAAGGAATATTGCGGGGATTTGA,ATTAAATGGTGGCAGACATGTCCAAGGAATATTGCGGGGATTTGATCCCT,CCCTTTATGAACCTTGTGATAGATGAATGTGTCGAGATGGCGACTAGTGG,GATAGATGAATGTGTGGAGATGGCGACTAGTGGACAACAGAACAATATTG
CCCTTTATGAACCTTGTGATAGATGAATGTGTGGAGATGGCGACTGGTGG,GAACCTTGTGATAGATGAATGTGTGGAGATGGCGACTAGTGGACAACAGA,AAGGAATATTGCGGGGATTTGATCCCTTTATGAACCTTGTGATAGATGAA,CAAGAAGTTATCATTGAAATTAAATGGTGGCAGACATGTCCAAGGAATAT
ATGAACCTTGTGATAGATGAATGTGTGGAGATGGCGACTAGTGGACAACA,TGAACCTTGTGATAGATGAATGTGTGGAGATGGCGACTAGTGGACAACAG,TTATGAACCTTGTGATAGATGAATGTGTCGAGATGGCAACTAGTGGACAA,TTATCATTGAAATTAAATGGTGGCAGACATGTCCAAGGAATATTGCGGGG
TCCCTTTATGAACCTTGTGATAGATGAATGTGTGGAGATGGCGACTAGTG,ATCATTGAAATTAAATGGTGGCAGACATGTCCAAGGAATATTGCGGGGAT,TTTATTTATGGACAAGAAGTTATCATTGAAATTAAATGGTGGCAGACATG,TGGTGGCAGACATGTCCAAGGAATATTGCGGGGATTTGACCCTTTATGAA
TCATTGAAATTAAATGGTGGCTGACATGTCCAAGGAATATTGCGGGTATT,ATGTGTGGAGATGGCGACTAGTGGACAACAGAACAATATTGGAATGGTGG,ACATGTCCAAGGAATATTGCGGGGATTTGATCCCTTTATGAACCTTGTGA,TGTGTGGAGATGGCGACTAGTGGACAACAGAACAATATTGGAATGGTGGT
CTGACATGTCCAAGGAATATTGCGGGGATTCGATCCCTTTATGAACCTTG,GATGAATGTGTGGAGATGGCGACTAGTGGACAACAGAACAATATTGGAAT,GAAGTTATCATTGAAATTAAATGGTGGCAGACATGTCCAAGGAATATTGC,TGAATGTGTGGAGATGGCGACTAGTGGACAACAGAACAATATTGGAATGG
GATTTGATCCCTTTATGAACCTTGTGATAGATGAATGTGTGGAGATGGCG,CCTTGTGATAGATGAATGTGTGGAGATGGCGACTAGTGGACAACAGAACA,ATGAACCTTGTGATAGATGAATGTGTCGAGATGGCGACTAGTGGACAGCA,A
ATCTGTGGAGATGGCGACTAGTGGACAACAGAACAATATTGGAATGGTGG,GGACAAGAAGTTATCATTGAAATTAAATGGTGGCAGACATGTCCAAGGAA,ATTTATGGACAAGAAGTTATCATTGAAATTAAATGGTGGCAGACATGTCC,CCCTTTATAAACCTTGTGATAGATGAATGTGTGGAGATGGCGACTAGTGG
ATGAATGTGTGGAGATGGCGACTAGTGGACAACAGAACAATATTGGAATG,TATTGCGGGGATTTGATCCCTTTATGAACCTTGTGATAGATGAATGTGTG,ATCCCTTTATGAACCTTGTGATAGATGAATGTGTCGAGATGGCGAATAGT,TTTATGAACCTTGTGATAGATGAATGTGTGGAGATGGCGACTAGTGGACA
TGTTTATTTATGGACAAGAAGTTATCATTGAAATTAAATGGTGGCTGACA,GTAAATGGTGGCAGACATGTCCAAGGAATATTGCGGGGATTTGATCCCTT,GTGGCAGACATGTCCAAGGAATATTGCGGGGATTTGATCCCTTTATGAAC,AAGTTATCATTGAAATTAAATGGTGGCAGACATGTCCAAGGAATATTGCG
TTGATCCCTTTATGAACCTTGTGATAGATGAATGTGTGGAGATGGCGACT,TGGTGGCAGACATGTCCAAGGAATATTGCGGGGATTTGATCCCTTTATGA,AAATTAAATGGTGGCAGACATGTCCAAGGAATATTGCGGGGATTTGATCC,TGTGTTTATTTATGGACAAGAAGTTATCATTGAAATTAAATGGTGGCAGA
ATTGCGGGGATTTGATCCCTTTATGGACCTTGTGATAGATGAATGTGTGG,GTTTATTTATGGACAAGAAGTTATCATTGAAATTCAATGGTGGCAGACAT,AAATGGTGGCAGACATGTCCAAGGAATATTGCGGGGATTTGATCCCTTTA,TGTCCAAGGAAAATTGCGGGGATTTGACCCTTTATGAACCTTGTGATAGA
CCTTTAGGAACCTTGTGATAGATGAATGTGTGGAGATGGCGACTAGTGGA,ATTTGATCCCTTTATGAACCGTGTGATAGATGAATGTGTGGAGATGGCGA,CTTTATGAACCTTGTGATAGATGAATGTGTCGAGATGGCGACTAGTGGAC,TGTCCAAGGAATATTGCGGGGATTTGACCCTTTATGAACCTTGTGATAGA
CCCTTTATGAACCTTGTGATAGATGAATGTGTGGAGATGGCGACTAGTGG,GTGGCAGACATGTCCAAGGAATATTGCGGGGATTTGATCCCTTTATGAAC,GCAGACATGTCCAAGGAATATTGCGGGGATTTGATCCCTTTATGAACCTT,CATGTCCAAGGAATATTGCGGGGATTTGACCCTTTATGAACCTTGTGATA
CATGTCCAAGGAATATTGCGGGGATTTGATCCCTTTATGAACCTTGTGAT,ATATTGCGGGGATTTGATCCCTTTATGACCCTTGTGATAGATGAATGTGT,GAACCTTGTGATAGATGAATGTGTCGAGATGGCGACTAGTGGACAACAGA,ACAAGAAGTTATCATTGAAATTAAATGGTGGCAGACAAGTCCAAGGAATA
TTATGAACCTTGTGATAGATGAATGTGTGGAGATGGCGACTAGTGGACAA,ATGAATGTGTGGAGATGGCGACTAGTGGACAACAGAACAATATTGGAATG,GAATATTGCGGGGATTTGATCCCTTTATGAACCTTGTGATAGATGAATGT,AAGGAATATTGCGGGGATTTGACCCTTTATGAACCTTGTGATAGATGAAT
ATCCCTTTATGAACCTTGTGATAGATGAATGTGTGGAGATGGCGACTAGT,TTTATGGACAAGAAGTTATCATTGAAATTAAATGGTGGCAGACATGTCCA,GTTATCATTGAAATTAAATGGTGGCAGACATGTCCAAGGAATATTGCGGG,AGACATGTCCAAGGAATATTGCGGGGATTTGACCCTTTATGAACCTTGTG
TGTGTTTATTTATGGACAAGAAGTTATCATTGATATTAAATGGTGGCTGA,CCCTTTATGAACCTTGTGATAGATGAATGTGTGGAGATGGCGACTAGTGG,GGAATATTGCGGGGATTTGATCCCTTTATGAACCTTGTGATAGATGAATG,T
GGTGGCTGACATGTCCAAGGAATATTGCGGGGATTTGATCCCTTTATGAA,ATGTGTGGAGATGGCGACTAGTGGACAACAGAACAATATTGGAATGGTGG,TGGCAGACATGTCCAAGGAATATTGCGGGAATTTGATCCCTTTATGAACC,TGTGTTTATTTATGGACAAGAAGTTATCATTGAAATTAAATGGTGGCAGA
TGTTTATTTATGGACAAGAAGTTATCATTGAAATTAAATGGTGGCTGACA,ATGGACAAGAAGTTATCATTGAAATTAAATGGTGGCAGACATGTCCAAGG,GACATGTCCAAGGAATATTGCGGGGATTTGATCCCTTTATGAACCTTGTG,TATTGCGGGGATTTGACCCTTTATGAACCTTGTGATAGATGAATGTGTGG
GTCCAAGGAATATTGCGGGGATTTGATCCCTTTATGAACCTTGTGATAGA,,TCATTGAAATTAAATGGTGGCAGACATGTCCAAGGAATATTGCGGGGATT,AAATGGTGGCAGACATATCCAAGGAATATTGCGGGGATTTGACCCTTTAT
TAGATGAATGTGTGGAGATGGCGACTAGTGGACAACAGAACAATATTGGA,GGTGGCAGACATGTCCAAGGAATATTGCGGGGATTTGATCCCTTTATGAA,CCCTTTATGAACCTTGTGATAGATGAATGTGTCGAGATGGCGACTAGTGG,CCTTTATGAACCTTGTGATAGATGAATGTGTGGAGATGGCGACTAGTGGA
ACCTTGTGATAGATGAATGTGTGGAGATGGCGACTAGTGGACAACAGAAC,T,AATGGTGGCAGACATGTCCAAGGAATATTGCGGGGATTTGATCCCTTTAT,TCCAAGGAATATTGCGGGGATTTGACCCTTTATGAACCTTGTGATAGATG
TTTATTTATGGACAAGAAGTTATCATTGAAATTAAATGGTGGCTGACATG,AATATTGCGGGGATTTGATCCCTTTATGAACCTTGTGATAGATGAATGTG,TTGTGATAGATGAATGTGTCGAGATGGCGACTAGTGGACAACAGAACAAT,TAAATGGTGGCAGACATGTCCAAGGAATATTGCGGGGATTTGACCCTTTA
TCATTGAAATTAAATGGTGGCTGACATGTCCAAGGAATATTGCGGGGATT,TTATTTATGGACAAGAAGTTATCATTGAAATTAAATGGTGGCAGACATGT,GGATTTGATCCCTTTATGAACCTTGTGATAGATGAATGTGTCGAGATGGC,ATTTATGGACAAGAAGTTATCATTGAAATTAAATGGTGGCAGACATGTCC
AGTTATCATTGAAATTAAATGGTGGCTGACATGTCCAAGGAATATTGCGG,GGATTTGATCCCTTTATGAACCTTGTGATAGATGAATGTGTGGAGATGGC,TGATCCCTTTATGAACCTTGTGATAGATGAATGTGTCGAGATGGCGACTA,AATGGTGGCAGACATGTCCAAGGAATACTGCGGGGATTTGACCCTTTATG
TTATGGACAAGAAGTTATCATTGAAATTAAATGGTGGCTGACATGTCCAA,TGATCCCTTTATGAACCTTGTGATAGATGAATGTGTGGAGATGGCGACTA,CCTTTATGAACCTTGTGATAGATGAATGTGTCGAGATGGTGACTAGTGGA,
AATGTGTGGAGGTGGCGACTAGTGGACAACAGAACAATATTGGAATGGTG,GTTATCATTGAAATTAAATGGTGGCAGACATGTCCAAGGAATATTGCGGG,AATATTGCGGGGATTTGATCCCTTTATGAACCTTGTGATAGATGAATGTG,GACCCTTTATGAACCTTGTGATAGATGAATGTGTGGAGATGGCGACTAGT
,GAAATTAAATGGTGGCAGACATGTCCAAGGAATATTGCGGGGATTTGATC,A,TTATTTATGGACAAGAAGTTATCATTGAAATTAAATGGTGGCAGACATGT
TCCCTTTATGAACCTTGTGATAGATGAATGTGTGGAGATGGCGACTAGTG,GAAATTAAATGGTGGCAGACATGTCCAAGGAATATTGCGGGGATTTGATC,GTGGCAGACATGTCCAAGGAATATTGCGGGGATTTGATCCCTTTATGAAC,AAGGAATATAGCGGGGATTTGACCCTTTATGAACCTTGTGATAGATGAAT
C,TATGAACCTTGTGATAGATGAATGTGTGGAGATGGCGACTAGTGGACAAC,TTGATCCCTTTATGAACCTTGTGATAGATGAATGTGTCGAGATGGCGACT,ATGTCCAAGGAATATTGCGGGGATTTGACCCTTTATGAACCTTGTGATAG
TAGATGAATGTGTGGAGATGGCGACTAGTGGACAACAGAACAATATTGGA,GTTTATTTATGGACAAGAAGTTATCATTGAAATTAAATGGTGGCAGACAT,TTAAATGGTGGCAGACATGTCCAAGGAATATTGCGAGGATTTGATCCCTT,GTGATAGATGAATGTGTGGAGATGGCGACTAGTGGACAACAGAACAATAT
AAATGGTGGCTGACATGTCCAAGGAATATTGCGGGGATTTGATCCCTTTA,CCAAGGAATATTGCGGGGATTTGATCCCTTTATGAACCTTGTGATAGATG,TGGCAGACATGTCCAAGGAATATTGCGGGGATTTGATCCCTTTATGAACC,GATGAATGTGTGGAGATGGCGACTAGTGGACAACAGAACAATATTGGAAT
TCCAAGGAATATTGCGGGGATTTGATCCCTTTATGAATCTTGTGATAGAT,AGATGAATGTGTGGAGATGGCGACTAGTGGACAACAGAACAATATTGGAA,CCTTTATGAACCTTGTGATAGATGAATGTGTCGAGATGGCGACTAGTGGA,ACCCTTTATGAACCTTGTGATAGATGAATGTGTGGAGATGGCGACTAGTG
CATTGAAATTAAATGGTGGCTGACATGTCCAAGGAATATTGCGGGGATTT,TGTGTTTATTTATGGACAAGAAGTTATCATTGAAATTAAATGGTGGCAGA,AATGGTGGCAGACATGTCCAAGGAATATTGCGGGGATTTGATCCCTTTAT,TTTATTTATGGACAAGAAGTTATCATTGAAATTAAATGGTGGCAGACATG
ATATTGCGGGGATTTGATCCCTTTATGAACCTTGTGATAGATGAATGTGT,,TTATCATTGAAATTAAATGGTGGCAGACATGTCCAAGGAATATTGCGGGG,TTGCGGGGATTTGACCCTTTATGAACCTTGTGATAGATGAATGTGTGGAG
AAGAAGTTATCATTGAAATTAAATGGTGGCTGACATGTCCAAGGAATATT,ACCTTGTGATAGATGAATGTGTGGAGATGGCGACTAGTGGACAACAGAAC,TATGAACCTTGTGATAGATGAATGTGTCGAGATGGCGACTAGTGGACAAC,ATGTGTTTATTTATGGACAAGAAGTTATCATTGAAATTAAATGGTGGCAG
TATGAACCTTGCGATAGATGAATGTGTGGAGATGGCGACTAGTGGACAAC,ACATGTCCAAGGAATATTGCGGGGATTTGATCCCTTTATGAACCTTGTGA,TTTATGGACAAGAAGTTATCATTGAAATTAAATGCTGGCAGACATGTCCA,CCTTGTGATCGATGAATGTGTGGAGATGGCGACTAGTGGACAACAGAACA
GCTGACATGTCCAAGGAATATTGCGGGGATTTGATCCCTTTATGAACCTT,ATAGATGAATGTGTGGAGATGGCGACTAGTGGACAACAGAACAATATTGG,TTAAATGGTGGCAGACATGTCCAAGGAATATTGCGGGGATTTGATCCCTT,TTAAATGGTGGCAGACATGTCCAAGGAATATTGGGGGGATTTGACCCTTT
ATTGAAATTAAATGGTGGCTGACATGTCCAAGGAATATTGCGGGGATTTG,CTTTATGAACCTTGTGATAGATGAATGTGTGGAGATGGCGACTAGTGGAC,,AGACATGTCCAAGGAATATTGCGGGGATTTGACCCTTTATGAACCTTGTG
TGAAATTAAATGGTGGCTGACATGTCCTAGGAATATTGCGGGGATTTGAT,ATATTGCGGGGATTTGATCCCTTTATGAACCTTGTGATAGATGAATGTGT,AGATGAATGTGTCGAGATGGCGACTAGTGGACAACAGAACAATATTGGAA,TGGTGGCAGACATGTCCAAGGAATATTGCGGGGATTTGACCCTTTATGAA
ATGAATGTGTGGAGATGGCGACTAGTGGACAACAGAACAATATTGGAATG,AGGAATATTGCGGGGATTTGATCCCTTTATGAACCTTGTGATAGATGAAT,TTTATTTATGGACAAGAAGTTATCATTGAAATTACATGGTGGCAGACATG,TTGAAATTAAATGGTGGCAGACATGTCCAAGGAATATTGCGGGGATTTGA
GCGGGGATTTGATCCCTTTATGAACCTTGTGATAGATGAATGTGTGGAGA,CAAGAAGTTATCATTGAAATTAAATGGTGGCAGACATGTCCAAGGAATAT,TTGAAATTAAATGGTGGCAGACATGTCCAAGGAATATTGCGGGGATTTGA,ATTGCGGGGATTTGACCCTTTATGAACCTTGTGATAGATGAATGTGTGGA
TGATAGATGAATGTGTGGAGATGGCGACTAGTGGACAACAGAACAATATT,GGATTTGATCCCTTTATGAACCTTGTGATAGATGAATGTGTGGAGATGGC,CAGACATGTCCAAGGAATATTGCGGGGATTTGATCCCTTTATGAACCTTG,GACATGTCCAAGGAATATTGCGGGGATTTGACCCTTTATGAACCTTGTGA
TTTGATCCCTTTATGAACCTTGTGATAGATGAATGTGTGGAGATGGCGAC,C,ATTTGATCCCTTTATGAACCTTGTGATAGATGAATGTGTCGAGATGGCGA,GAACCTTGTGATAGATGAATGTGTGGAGATGGCGACTAGTGGACAACAGA
TTGCGGGGATTTGATCCCTTTATGAACCTTGTGATAGATGAATGTGTGGA,CCTTTATGAACCTTGTGATAGATGAATGTGTGGAGATGGCGACTAGTGGA,TAGATGAATGTGTCGAGATGGCGACTAGTGGACAACAGAACAATATTGGA,
TGATAGATGAATGTGTGGAGATGGCGACTAGTGGACAACAGAACAATATT,,ACATGTCCAAGGAATATTGCGGGGATTTGATCCCTTTATGAACCTTGTGA,TGTGTTTATTTATGGACAAGAAGTTATCATTGAAATTAAATGGTGGCAGA
AGATGAATGTGTGGAGATGGCGACTAGTGGACAACAGAACAATATTGGAA,GACATGTCCAAGGAATATTGCGGGGATTTGATCCCTTTATGAACCTTGTG,GTGGCAGACATGTCCAAGGAATATTGCGGGGATTTGATCCCTTTATGAAC,CAAGAAGTTATCATTGAAATTAAATGGTGGCAGACATGTCCAAGGAATAT
GAAATTAAACGGTGGCTGACATGTCCAAGGAATATTGCGGGGATTTGATC,CAAGAAGTTATCATTGAAATTAAATGGTGGCAGACATGTCCAAGGAATAT,TCCCTTTATGAACCTTGTGATAGATGAATGTGTCGAGATGGCGACTAGTG,TGGTGGCAGACATGTCCAAGGAATATTGTGGGGATTTGACCCTTTATGAA
CAAGGAATATTGCGGGGATTTGATCCCTTTATGAACCTTGTGATAGATGA,GATTGTGTGGAGATGGCGACTAGTGGACAACAGAACAATATTGGAATGGT,TGGACAAGAAGTTATCATTGAAATTAAATGGTGGCAGACATGTCCAAGGA,CCAAGGAATATTGCGGGGATTTGACCCTTTATGAACCTTGTGATAGATGA
A,ATTGAAATTAAATGGTGGCAGACATGTCCAAGGAATATTGCGGGGATTTG,TGAACCTTGTGATAGATGAATGTGTCGAGATGGCGACTAGTGGACAACAG,G
GTTTATATATGGACAAGAAGTTATCATTGAAATTAAATGGTGGCTGACAT,CCTTTATGAACCTTGTGATAGATGAATGTGTGGAGATGGCGACTAGTGGA,,ATTGCGGGGATTTGACCCTTTATGAACCTTGTGATAGATGAATGTGTGGA
AACCTTGTGATAGATGAATGTGTGGAGATGGCGACTAGTGGACAACAGAA,TTTATTTATGGACAAGAAGTTATCATTGAAATTAAATGGTGGCAGACATG,CTTGTGATAGATGAATGTGTCGAGATGGCGACTAGTGGACAACAGAACAA,GTCCAAGGAATATTGCGGGGATTCGACCCTTTATGAACCTTGTGATAGAT
GAAGTTATCATTGAAATTAAATGGTGGCTGACATGTCCAAGGAATATTGC,AAGTTATCATTGAAATTAAATGGTGGCAGACATGTCCAAGGAATATTGCG,TTTGATCCCTTTATGAACCTTGTGATAGATGAATGTGTCGAGATGGCGAC,AAATGGTGGCAGACATGTCCAAGGAATATTGCGGGGATTTGACCCTTTAT
TGATAGATGAATGTGTGGAGATGGCGACTAGTGGACAACAGAACAATATT,,ATTTATGGACAAGAAGTTATCATTGAAATTAAATGGTGGCAGACATGTCC,CAAGGAATATTGCGGGGATTTTACCCTTTATGAACCTTGTGATAGATGAA
T,GGTGGCAGACATGTCCAAGGAATATTGCGGGGATTTGATCCCTTTATGAA,GATTTGATCCCTTTATGAACCTTGTGATAGATGAATGTGTCGAGATGGCG,
GATAGATGAATGTGTGGAGATGGCGACTAGTGGACAGCAGAACAATATTG,TATTTATGGACAAGAAGTTATCATTGAAATTAAATGGTGGCAGACATGTC,,TATCATTGAAATTAAATGGTGGCAGACATGTCCAAGGAATATTGCGGGGA
GACATGTCCAAGGAATATTGCGGGGATTTGATCCCTTTATGAACCTTGTG,ATGTGTTTATTTATGGACAAGAAGTTATCATTGAAATTAAATGGTGGCAG,TGTGTTTATTTATGGACAAGAAGTTATCATTGAAATTAAATGGTGGCAGA,
GAATGTGTGGAGATGGCGACTAGTGGACAACAGAACAATATTGGAATGGT,GTTTATTTGTGGACAAGAAGTTATCATTGAAATTAAATGGTGGCAGACAT,TTATTTATGGACAAGAAGTTATCATTGAAATTAAATGGTGGCAGACATGT,TGTCCAAGGAATATTGCGGGGATTTGACCCTTTATCAACCTTGTGATAGA
TATGGACAAGAAGTTATCATTGAAATTAAATGGTGGCTGACATGTCCAAG,CAAGGAATATTGCGGGGGTTTGATCCCTTTATGAACCTTGTGATAGATGA,TGGCAGACATGTCCAAGGAATATTGCGGGGATTTGATCCCTTTATGAACC,TGACCCTTTATGAACCTTGTGATAGATGAATGTGTGGAGATGGCGACTAG
TGGACAAGAAGTTATCATTGAAATTAAATGGTGGCTGACATGTCCAAGGA,TCCAAGGAATATTGCGGGGATTTGATCCCTTTATGAACCTTGTGATAGAT,GAATGTGTCGAGATGGCGACTAGTGGACAACAGAACAATATTGGAATGGT,GATGAATGTGTGGAGATGGCGACTAGTGGACAACAGAACAATATTGGAAT
TGAATGTGTGGAGATGGCGACTAGTGGACAACAGAACAATATTGGAATGG,TAAATGGTGGCAGACATGTCCAAGGAATATTGCGGGGATTTGATCCCTTT,CCCTTTATGAACCTTGTGATAGATGAATGTGTCGAGATGGCGACTAGTGG,TTGACCCTTAATGAACCTTGTGATAGATGAATGTGTGGAGATGGCGACTA
AAGGAATATTGCGGGGATTTGATCCCTTTATGAACCTTGTGATAGATGAA,AATGTGTGGAGATGGCGACTAGTGGACAACAGAACAATATTGGAATGGTG,TAAATGGTGGCAGACATGTCCAAGGAATATTGCGGGGATTTGATCCCTTT,GACAAGAAGTTATCATTGAAATTAAATGGTGGCAGACATGTCCAAGGAAT
ATTTGATCCCTTTATGAACCTTGTGATAGATGAGTGTGTGGAGATGGCGA,CTTGTGATGGATGAATGTGTGGAGATGGCGACTAGTGGACAACAGAACAA,CAAGAAGTTATCATTGAAATTAAATGGTGGCAGACATGTCCAAGGAATAT,TCATTGAAATTAAATGGTGGCAGACATGTCCAAGGAATATTGCGGGGATT
GGGGATTTGATCCCTTTATGAACCTTGTGATAGATGAATGTGTGGAGATG,GGACAAGAAGTTATCATTGAAATTAAATGGTGGCAGACATGTACAAGGAA,TTACTTATGGACAAGAAGTTATCATTGAAATTAAATGGTGGCAGACATGT,GTGATAGATGAATGTGTGGAGATGGCGACTAGTGGACAACAGAACAATAT
TTGATCCCTTTATGAACCTTGTGATAGATGAATGTGTGGAGATGGCGACT,ACAAGAAGTTATCATTGAAATTAAATGGTGGCAGACATGTCCAAGGAATA,AGCAATATTGCGGGGATTTGATCCCTTTATGAACCTTGTGATAGATGAAT,ATGGTGGCAGACATGTCCAAGGAATATTGCGGGGATTTGACCCTTTATGA
GATAGATGAATGTGTGGAGATGGCGACTAGTGGACAACAGAACAATATTG,GTGGCAGACATGTCCAAGGAATATTGCGGGGATTTGATCCCTTTATGAAC,ATGTCCAAGGAATATTGCGGCGATTTGATCCCTTTATGAACCTTGTGATA,ATGTGTGGAGATGGCGACTAGTGGACAACAGAACAATATTGGAATGGTGG
,TATTTATGGACAAGAAGTTATCATTGAAATTAAATGGTGGCAGACATGTC,TTTATGGACAAGAAGTTATCATTGAAATTAAATGGTGGCAAACATGTCCA,ATTGCGGGGATTTGACCCTTTATGAACCTTGTGATAGATGAATGTGTGGA
GATCCCTTTATGAACCTTGTGATAGATGAATGTGTGGAGATGGCGACTAG,TAGATGAATGTGTGGAGATGGCGACTAGTGGACAACAGAACAATATTGGA,TTATTTATGGACAAGAAGGTATCATTGAAATTAAATGGTGGCAGACATGT,TGTTTATTTATGGACAAGAAGTTATCATTGAAATTAAATGGTGGCAGACA
TGATCCCTTTATGAACCTTGTGATAGATGAATGTGTGGAGATGGCGACTA,TGGACAAGAAGTTATCATTGAAATTAAATGGTGGCAGACATGTCCAAGGA,TTGTGATAGATGCATGTGTCGAGATGGCGACTAGTGGACAACAGAACAAT,AAATGGTGGCAGACATGACCAAGGAATATTGCGGGGATTTGACCCTTTAT
AAGTTATCATTGAAATTAAATGGTGGCTGACATGTCCAAGGAATATTGCG,TATCATTGAAATTAAATGGTGGCAGACATGTCCAAGGAATATTGCGGGGA,CCCTTTATGAACCTTGTGATAGATGAATGTGTCGAGATGGCGACTAGTGG,GACCCTTTATGAACCTTGTGATAGATGAATATGTGGAGATGGCGACTAGT
AAATGGTGGCTGACATGTCCAAGGAATATTGCGGGGATTTGATCCCTTTA,GTGGCAGAGATGTCCAAGGAATATTGCGGGGATTTGATCCCTTTATGAAC,ATGTCCAAGGAATATTGCGGGGATTTGATCCCTTTATGAACCTTGTGATA,TAGATGAATGTGTGGAGATGGCGACTAGTGGACAACAGAACAATATTGGA
GAAATTAAATGGTGGCTGACATGTCCAAGGAATATTGCGGGGATTTGATC,GTTATCATTGAAATTAAATGGTGGCAGACATGTCCAAGGAATATTGCGGG,TGTGTTTATTTATGGACAAGAAGTTATCATTGAAATTAAATGGTGGCAGA,AATGGTGGCAGACATGTCCAAGGAATATTGCGGGGATTTGACCCTTTATG
TTGAAATTAAATGGTGGCTGACATGTCCAAGGAATATTGCGGGGATTTGA,GATGAACGTGTGGAGATGGCGACTAGTGGACAACAGAACAATATTGGAAT,GTTTATTTATGGACAAGAAGTTATCATTGAAATTAAATGGTGGCAGACAT,ACCTTGTGATAGATGAATGTGTGGAGATGGCGACTAGTGGACAACAGAAC
